<?xml version="1.0" encoding="UTF-8"?>

<Bundle xmlns="http://hl7.org/fhir">
  <id value="66cecf59-7586-41eb-81f2-d91dde67be82"/>
  <meta>
    <lastUpdated value="2025-05-11T21:00:12.859-03:00"/>
  </meta>
  <type value="collection"/>
  <entry>
    <fullUrl value="http://example.org/ValueSet/interpretation-confidence"/>
    <resource>
      <ValueSet>
        <text>
          <status value="generated"/>
          <div xmlns="http://www.w3.org/1999/xhtml">
            <p class="res-header-id">
              <b>ValueSet </b>
            </p>
            <p style="border: black 1px dotted; background-color: #EEEEEE; padding: 8px; margin-bottom: 8px">Expansion from tx.fhir.org based on SNOMED CT International edition 01-feb. 2025</p>
            <p>This value set contains 1 concepts</p>
            <table class="codes">
              <tr>
                <td style="white-space:nowrap">
                  <b>Code</b>
                </td>
                <td>
                  <b>System</b>
                </td>
                <td>
                  <b>Display (en-US)</b>
                </td>
              </tr>
              <tr>
                <td style="white-space:nowrap">
                  <a name="x-http://snomed.info/sct-410592001"> </a>  
                  <a href="http://snomed.info/id/410592001">410592001</a>
                </td>
                <td>http://snomed.info/sct</td>
                <td>Probably present (qualifier value)</td>
              </tr>
            </table>
          </div>
        </text>
        <url value="http://example.org/ValueSet/interpretation-confidence"/>
        <version value="0.1.0"/>
        <name value="InterpretationConfidence"/>
        <title value="Interpretation Confidence Value Set"/>
        <status value="active"/>
        <date value="2025-05-11T20:59:48-03:00"/>
        <expansion>
          <identifier value="urn:uuid:055cb1a2-e736-438c-bdbc-45575df1ef13"/>
          <timestamp value="2025-05-11T21:00:39-03:00"/>
          <total value="1"/>
          <offset value="0"/>
          <parameter>
            <name value="displayLanguage"/>
            <valueCode value="en-US"/>
          </parameter>
          <parameter>
            <name value="count"/>
            <valueInteger value="1000"/>
          </parameter>
          <parameter>
            <name value="offset"/>
            <valueInteger value="0"/>
          </parameter>
          <parameter>
            <name value="excludeNested"/>
            <valueBoolean value="false"/>
          </parameter>
          <parameter>
            <name value="used-valueset"/>
            <valueUri value="null"/>
          </parameter>
          <parameter>
            <name value="used-codesystem"/>
            <valueUri value="http://snomed.info/sct|http://snomed.info/sct/900000000000207008/version/20250201"/>
          </parameter>
          <parameter>
            <name value="version"/>
            <valueUri value="http://snomed.info/sct|http://snomed.info/sct/900000000000207008/version/20250201"/>
          </parameter>
          <contains>
            <system value="http://snomed.info/sct"/>
            <code value="410592001"/>
            <display value="Probably present (qualifier value)"/>
          </contains>
        </expansion>
      </ValueSet>
    </resource>
  </entry>
</Bundle>