{"resourceType":"CodeSystem","id":"additional-codesystem-for-marital-status","text":{"status":"generated","div":"<div xmlns=\"http://www.w3.org/1999/xhtml\"><p class=\"res-header-id\"><b>Generated Narrative: CodeSystem additional-codesystem-for-marital-status</b></p><a name=\"additional-codesystem-for-marital-status\"> </a><a name=\"hcadditional-codesystem-for-marital-status\"> </a><a name=\"additional-codesystem-for-marital-status-en-US\"> </a><p>This  code system <code>http://example.org/CodeSystem/additional-codesystem-for-marital-status</code> defines the following codes:</p><table class=\"codes\"><tr><td style=\"white-space:nowrap\"><b>Code</b></td><td><b>Display</b></td><td><b>Definition</b></td></tr><tr><td style=\"white-space:nowrap\">ghosting<a name=\"additional-codesystem-for-marital-status-ghosting\"> </a></td><td>Ghosting</td><td>Cuando alguien corta contacto con vos sin dar una explicación</td></tr><tr><td style=\"white-space:nowrap\">zombieing<a name=\"additional-codesystem-for-marital-status-zombieing\"> </a></td><td>Zombieing</td><td>Cuando una persona te hizo ghosting y vuelve a aparecer</td></tr><tr><td style=\"white-space:nowrap\">situationship<a name=\"additional-codesystem-for-marital-status-situationship\"> </a></td><td>Situationship</td><td>Una relación romántica no oficializada como noviazgo</td></tr></table></div>"},"url":"http://example.org/CodeSystem/additional-codesystem-for-marital-status","version":"0.1.0","name":"AdditionalCodeSystemForMaritalStatus","title":"Additional codesystem for marital status","status":"active","date":"2025-05-06","publisher":"MyPublisher","contact":[{"name":"MyPublisher","telecom":[{"system":"url","value":"http://example.org/example-publisher"}]}],"description":"Test para extender los code de estados civiles","content":"complete","count":3,"concept":[{"code":"ghosting","display":"Ghosting","definition":"Cuando alguien corta contacto con vos sin dar una explicación"},{"code":"zombieing","display":"Zombieing","definition":"Cuando una persona te hizo ghosting y vuelve a aparecer"},{"code":"situationship","display":"Situationship","definition":"Una relación romántica no oficializada como noviazgo"}]}