<?xml version="1.0" encoding="UTF-8"?>

<Patient xmlns="http://hl7.org/fhir">
  <id value="GastonMuzas"/>
  <meta>
    <profile value="http://example.org/StructureDefinition/patient-profile"/>
  </meta>
  <text>
    <status value="generated"/><div xmlns="http://www.w3.org/1999/xhtml"><p class="res-header-id"><b>Generated Narrative: Patient GastonMuzas</b></p><a name="GastonMuzas"> </a><a name="hcGastonMuzas"> </a><a name="GastonMuzas-en-US"> </a><div style="display: inline-block; background-color: #d9e0e7; padding: 6px; margin: 4px; border: 1px solid #8da1b4; border-radius: 5px; line-height: 60%"><p style="margin-bottom: 0px"/><p style="margin-bottom: 0px">Profile: <a href="StructureDefinition-patient-profile.html">Patient Profile</a></p></div><p style="border: 1px #661aff solid; background-color: #e6e6ff; padding: 10px;">Gastón Muzas  Male, DoB: 1992-08-23 ( DNI#36871371)</p><hr/><table class="grid"><tr><td style="background-color: #f3f5da" title="Known status of Patient">Deceased:</td><td>false</td><td style="background-color: #f3f5da" title="Known Marital status of Patient">Marital Status:</td><td colspan="3"><span title="Codes:{http://example.org/CodeSystem/additional-codesystem-for-marital-status ghosting}">Ghosting</span></td></tr><tr><td style="background-color: #f3f5da" title="Ways to contact the Patient">Contact Detail</td><td colspan="3"><a href="mailto:gastonmuzas@gmail.com">gastonmuzas@gmail.com</a></td></tr></table></div>
  </text>
  <identifier>
    <system value="DNI"/>
    <value value="36871371"/>
  </identifier>
  <name>
    <family value="Muzas"/>
    <given value="Gastón"/>
  </name>
  <telecom>
    <system value="email"/>
    <value value="gastonmuzas@gmail.com"/>
  </telecom>
  <gender value="male"/>
  <birthDate value="1992-08-23"/>
  <deceasedBoolean value="false"/>
  <maritalStatus>
    <coding>
      <system value="http://example.org/CodeSystem/additional-codesystem-for-marital-status"/>
      <code value="ghosting"/>
    </coding>
  </maritalStatus>
</Patient>