<?xml version="1.0" encoding="UTF-8"?>

<Patient xmlns="http://hl7.org/fhir">
  <id value="ThomasHeart"/>
  <text>
    <status value="generated"/><div xmlns="http://www.w3.org/1999/xhtml"><p class="res-header-id"><b>Generated Narrative: Patient ThomasHeart</b></p><a name="ThomasHeart"> </a><a name="hcThomasHeart"> </a><a name="ThomasHeart-en-US"> </a><p style="border: 1px #661aff solid; background-color: #e6e6ff; padding: 10px;">Thomas Heart  (no stated gender), DoB Unknown</p><hr/></div>
  </text>
  <name>
    <family value="Heart"/>
    <given value="Thomas"/>
  </name>
</Patient>