<?xml version="1.0" encoding="UTF-8"?><ValueSet xmlns="http://hl7.org/fhir"><id value="interpretation-confidence"/><text><status value="generated"/><div xmlns="http://www.w3.org/1999/xhtml"><p class="res-header-id"><b>Generated Narrative: ValueSet interpretation-confidence</b></p><a name="interpretation-confidence"> </a><a name="hcinterpretation-confidence"> </a><a name="interpretation-confidence-en-US"> </a><ul><li>Include these codes as defined in <a href="http://www.snomed.org/"><code>http://snomed.info/sct</code></a><table class="none"><tr><td style="white-space:nowrap"><b>Code</b></td><td><b>Display</b></td></tr><tr><td><a href="http://snomed.info/id/415584804">415584804</a></td><td>Suspected (qualifier value)</td></tr><tr><td><a href="http://snomed.info/id/410592001">410592001</a></td><td>Probably Present (qualifier value)</td></tr><tr><td><a href="http://snomed.info/id/410535003">410535003</a></td><td>Confirmed Present (qualifier value)</td></tr></table></li></ul></div></text><url value="http://example.org/ValueSet/interpretation-confidence"/><version value="0.1.0"/><name value="InterpretationConfidence"/><title value="Interpretation Confidence Value Set"/><status value="active"/><date value="2025-05-11T20:59:48-03:00"/><publisher value="MyPublisher"/><contact><name value="MyPublisher"/><telecom><system value="url"/><value value="http://example.org/example-publisher"/></telecom></contact><description value="Grado de confianza de que una condición está presente"/><compose><include><system value="http://snomed.info/sct"/><concept><code value="415584804"/><display value="Suspected (qualifier value)"/></concept><concept><code value="410592001"/><display value="Probably Present (qualifier value)"/></concept><concept><code value="410535003"/><display value="Confirmed Present (qualifier value)"/></concept></include></compose></ValueSet>