<?xml version="1.0" encoding="UTF-8"?><ValueSet xmlns="http://hl7.org/fhir"><id value="heart-rate-recovery"/><text><status value="generated"/><div xmlns="http://www.w3.org/1999/xhtml"><p class="res-header-id"><b>Generated Narrative: ValueSet heart-rate-recovery</b></p><a name="heart-rate-recovery"> </a><a name="hcheart-rate-recovery"> </a><a name="heart-rate-recovery-en-US"> </a><p>This value set includes codes based on the following rules:</p><ul><li>Include all codes defined in <code>http://www.intersystems.com/hrr</code></li><li>Include these codes as defined in <code>http://www.intersystems.com/hrr</code><table class="none"><tr><td style="white-space:nowrap"><b>Code</b></td><td><b>Display</b></td></tr><tr><td>001</td><td>Heart Rate Recovery after 10 seconds</td></tr><tr><td>002</td><td>Heart Rate Recovery after Exercise 20 seconds</td></tr><tr><td>003</td><td>Heart Rate Recovery after Exercise 30 seconds</td></tr><tr><td>004</td><td>Heart Rate Recovery after 40 Exercise seconds</td></tr><tr><td>005</td><td>Heart Rate Recovery after 50 Exercise seconds</td></tr><tr><td>006</td><td>Heart Rate Recovery after 60 Exercise seconds</td></tr></table></li></ul></div></text><url value="http://example.org/ValueSet/heart-rate-recovery"/><version value="0.1.0"/><name value="HeartRateRecovery"/><title value="HeartRateRecovery"/><status value="active"/><date value="2025-05-11T20:59:48-03:00"/><publisher value="MyPublisher"/><contact><name value="MyPublisher"/><telecom><system value="url"/><value value="http://example.org/example-publisher"/></telecom></contact><description value="Códigos para recuperación de frecuencia cardíaca"/><compose><include><system value="http://www.intersystems.com/hrr"/></include><include><system value="http://www.intersystems.com/hrr"/><concept><code value="001"/><display value="Heart Rate Recovery after 10 seconds"/></concept><concept><code value="002"/><display value="Heart Rate Recovery after Exercise 20 seconds"/></concept><concept><code value="003"/><display value="Heart Rate Recovery after Exercise 30 seconds"/></concept><concept><code value="004"/><display value="Heart Rate Recovery after 40 Exercise seconds"/></concept><concept><code value="005"/><display value="Heart Rate Recovery after 50 Exercise seconds"/></concept><concept><code value="006"/><display value="Heart Rate Recovery after 60 Exercise seconds"/></concept></include></compose></ValueSet>