<?xml version="1.0" encoding="UTF-8"?><ValueSet xmlns="http://hl7.org/fhir"><id value="additional-codes-for-marital-status"/><text><status value="generated"/><div xmlns="http://www.w3.org/1999/xhtml"><p class="res-header-id"><b>Generated Narrative: ValueSet additional-codes-for-marital-status</b></p><a name="additional-codes-for-marital-status"> </a><a name="hcadditional-codes-for-marital-status"> </a><a name="additional-codes-for-marital-status-en-US"> </a><p>This value set includes codes based on the following rules:</p><ul><li>Include all codes defined in <code>http://hl7.org/fhir/ValueSet/marital-status</code></li><li>Include all codes defined in <a href="CodeSystem-additional-codesystem-for-marital-status.html"><code>http://example.org/CodeSystem/additional-codesystem-for-marital-status</code></a></li></ul></div></text><url value="http://example.org/ValueSet/additional-codes-for-marital-status"/><version value="0.1.0"/><name value="AdditionalCodesForMaritalStatus"/><title value="Additional valueset for marital status"/><status value="active"/><date value="2025-05-11T20:59:48-03:00"/><publisher value="MyPublisher"/><contact><name value="MyPublisher"/><telecom><system value="url"/><value value="http://example.org/example-publisher"/></telecom></contact><description value="Extensión de Value Set Codes de estados civiles"/><compose><include><system value="http://hl7.org/fhir/ValueSet/marital-status"/></include><include><system value="http://example.org/CodeSystem/additional-codesystem-for-marital-status"/></include></compose></ValueSet>