{
  "resourceType" : "Bundle",
  "id" : "66cecf59-7586-41eb-81f2-d91dde67be82",
  "meta" : {
    "lastUpdated" : "2025-05-11T21:00:12.859-03:00"
  },
  "type" : "collection",
  "entry" : [{
    "fullUrl" : "http://example.org/ValueSet/interpretation-confidence",
    "resource" : {
      "resourceType" : "ValueSet",
      "text" : {
        "status" : "generated",
        "div" : "<div xmlns=\"http://www.w3.org/1999/xhtml\"><p class=\"res-header-id\"><b>ValueSet </b></p><p style=\"border: black 1px dotted; background-color: #EEEEEE; padding: 8px; margin-bottom: 8px\">Expansion from tx.fhir.org based on SNOMED CT International edition 01-feb. 2025</p><p>This value set contains 1 concepts</p><table class=\"codes\"><tr><td style=\"white-space:nowrap\"><b>Code</b></td><td><b>System</b></td><td><b>Display (en-US)</b></td></tr><tr><td style=\"white-space:nowrap\"><a name=\"x-http://snomed.info/sct-410592001\"> </a>\u00a0\u00a0<a href=\"http://snomed.info/id/410592001\">410592001</a></td><td>http://snomed.info/sct</td><td>Probably present (qualifier value)</td></tr></table></div>"
      },
      "url" : "http://example.org/ValueSet/interpretation-confidence",
      "version" : "0.1.0",
      "name" : "InterpretationConfidence",
      "title" : "Interpretation Confidence Value Set",
      "status" : "active",
      "date" : "2025-05-11T20:59:48-03:00",
      "expansion" : {
        "identifier" : "urn:uuid:055cb1a2-e736-438c-bdbc-45575df1ef13",
        "timestamp" : "2025-05-11T21:00:39-03:00",
        "total" : 1,
        "offset" : 0,
        "parameter" : [{
          "name" : "displayLanguage",
          "valueCode" : "en-US"
        },
        {
          "name" : "count",
          "valueInteger" : 1000
        },
        {
          "name" : "offset",
          "valueInteger" : 0
        },
        {
          "name" : "excludeNested",
          "valueBoolean" : false
        },
        {
          "name" : "used-valueset",
          "valueUri" : "null"
        },
        {
          "name" : "used-codesystem",
          "valueUri" : "http://snomed.info/sct|http://snomed.info/sct/900000000000207008/version/20250201"
        },
        {
          "name" : "version",
          "valueUri" : "http://snomed.info/sct|http://snomed.info/sct/900000000000207008/version/20250201"
        }],
        "contains" : [{
          "system" : "http://snomed.info/sct",
          "code" : "410592001",
          "display" : "Probably present (qualifier value)"
        }]
      }
    }
  }]
}